id;favorite_game;profile_photo;twitter_url;twitch_url;youtube_url;facebook_url;hitbox_url;beam_url
1;firewall;Future-proofed deposit Sausages;disintermediate Cambridgeshire hacking;bricks-and-clicks Concrete Global;Fiji Dollar Profound Bacon;Macao Equatorial Guinea Vision-oriented;Agent;Human deposit
2;even-keeled Saint Helena Pound;Internal AI optical;bypassing Marketing;Dynamic Home Loan Account Tools;Branding;Home Gloves Latvia;Ports Manager Fish;Networked
3;Fish;payment calculating;local area network Benin;turn-key dedicated;Wisconsin;target Human withdrawal;dot-com payment Libyan Dinar;white sensor local
4;calculate;Chips;Villages uniform PCI;Automotive Tactics architectures;Wisconsin Facilitator Incredible;reinvent;eco-centric Bedfordshire mesh;Configuration UIC-Franc
5;Ergonomic Concrete Soap Zambian Kwacha;Concrete Bedfordshire;portal calculating Metal;real-time discrete redundant;Synergistic Personal Loan Account Sleek;Borders;olive Handcrafted Cotton Bacon Unbranded Fresh Pants;incubate
6;interfaces;Garden Dale Wallis and Futuna;generating;Computers Small Fresh Gloves back-end;interface;compress lavender Investment Account;backing up;Iran
7;Philippine Peso Metal;Strategist;card Licensed Cotton Ball;mindshare Gorgeous;Chips;navigating;Som Rustic Frozen Keyboard ROI;Benin
8;Tuna Response invoice;alarm Jamaica;system Gorgeous Rubber Pants;hack;leading-edge;Ergonomic Steel Gloves;Developer Shoes Music;Buckinghamshire Hollow Shoes
9;withdrawal Generic Frozen Tuna;Gorgeous Cotton Chair Personal Loan Account Borders;Norfolk Island Chilean Peso Unidades de fomento Checking Account;invoice Outdoors New York;multi-byte Jamaican Dollar North Carolina;Station;parsing Investment Account;Branding Dynamic black
10;yellow;Books Generic;robust withdrawal generate;Garden open-source hybrid;Solomon Islands Dollar;Personal Loan Account HTTP;schemas Specialist China;quantify multi-byte
