id;application_form;application_form_content_type;guild_id
1;../fake-data/blob/hipster.png;image/png;55190
2;../fake-data/blob/hipster.png;image/png;96797
3;../fake-data/blob/hipster.png;image/png;56093
4;../fake-data/blob/hipster.png;image/png;8840
5;../fake-data/blob/hipster.png;image/png;87665
6;../fake-data/blob/hipster.png;image/png;79181
7;../fake-data/blob/hipster.png;image/png;40348
8;../fake-data/blob/hipster.png;image/png;58995
9;../fake-data/blob/hipster.png;image/png;13401
10;../fake-data/blob/hipster.png;image/png;48004
