id;event_name;event_image_url;event_message;event_start;guild_id
1;deliverables;Credit Card Account transmitter cyan;../fake-data/blob/hipster.txt;2019-10-01T21:29:13;61726
2;Director;New York mesh;../fake-data/blob/hipster.txt;2019-10-01T14:15:38;9100
3;array Luxembourg Spurs;empower Home Loan Account SMS;../fake-data/blob/hipster.txt;2019-10-01T01:58:17;79647
4;Via;Buckinghamshire Business-focused Canyon;../fake-data/blob/hipster.txt;2019-10-01T01:14:21;62080
5;frictionless orchid;Future-proofed Awesome;../fake-data/blob/hipster.txt;2019-10-01T21:40:00;46011
6;Delaware;Metal deposit;../fake-data/blob/hipster.txt;2019-10-01T20:23:41;69650
7;e-business RSS;Rand Soap;../fake-data/blob/hipster.txt;2019-10-01T20:08:41;22384
8;hacking;even-keeled Chair;../fake-data/blob/hipster.txt;2019-10-01T22:37:51;54871
9;Kiribati;cyan innovative;../fake-data/blob/hipster.txt;2019-10-01T12:40:40;33009
10;alliance Licensed Plaza;Sleek GB Regional;../fake-data/blob/hipster.txt;2019-10-01T23:17:38;259
