id;reason;guild_id;user_id;end_time
1;mobile Fish;77969;59865;2019-10-03T01:35:16
2;Dam;9997;5808;2019-10-03T04:53:25
3;seamless Metal deposit;5641;96990;2019-10-02T22:35:03
4;Implementation Electronics Officer;61748;30424;2019-10-03T01:13:57
5;Grocery Home;52477;61185;2019-10-03T06:18:56
6;Gorgeous Frozen Pants;23277;45606;2019-10-03T13:44:15
7;Savings Account syndicate Planner;46676;4645;2019-10-02T19:16:25
8;Yuan Renminbi Centers;1326;94888;2019-10-02T17:17:58
9;South Dakota envisioneer Music;23089;68423;2019-10-03T10:07:39
10;Bahamian Dollar Investment Account;83319;3438;2019-10-03T11:45:05
